{"type": "block", "layer": 3, "block": 6, "features": [{"geom": {"triangles": {"v": [-310.37724007241195, 309.4153160560236, 1.5069999694824219, -316.17020882241195, 312.3840660560236, 1.5069999694824219, -306.59989632241195, 316.7590660560236, 1.5069999694824219, -312.38895882241195, 319.7434410560236, 1.5069999694824219, -312.38895882241195, 319.7434410560236, 7.459499835968018, -316.17020882241195, 312.3840660560236, 7.459499835968018, -310.37724007241195, 309.4153160560236, 7.459499835968018, -306.59989632241195, 316.7590660560236, 7.459499835968018], "f": [0, 1, 2, 1, 3, 2, 1, 4, 3, 1, 5, 4, 5, 0, 6, 5, 1, 0, 6, 2, 7, 6, 0, 2, 3, 7, 2, 3, 4, 7, 4, 5, 7, 5, 6, 7]}, "centroids": [[-311.38412547648477, 314.57553916983306, 1.5069999694824219]]}, "mtl": {"idx": 0}}, {"geom": {"triangles": {"v": [-304.44755257241195, 344.3684410560236, 1.8020000457763672, -309.09208382241195, 346.7903160560236, 1.8020000457763672, -300.35770882241195, 352.1965660560236, 1.8020000457763672, -304.99833382241195, 354.6340660560236, 1.8020000457763672, -309.09208382241195, 346.7903160560236, 6.634500026702881, -304.99833382241195, 354.6340660560236, 6.634500026702881, -304.44755257241195, 344.3684410560236, 6.634500026702881, -300.35770882241195, 352.1965660560236, 6.634500026702881], "f": [0, 1, 2, 1, 3, 2, 3, 1, 4, 3, 4, 5, 4, 0, 6, 4, 1, 0, 7, 6, 0, 7, 0, 2, 2, 3, 5, 2, 5, 7, 7, 5, 4, 7, 4, 6]}, "centroids": [[-304.72407577279955, 349.49759525517584, 1.8020000457763672]]}, "mtl": {"idx": 0}}, {"geom": {"triangles": {"v": [-307.17802132241195, 319.5871910560236, 1.6710000038146973, -303.27958382241195, 326.9934410560236, 1.6710000038146973, -297.90849007241195, 314.7121910560236, 1.6710000038146973, -293.99833382241195, 323.9309410560236, 1.6710000038146973, -293.26786507241195, 323.5559410560236, 1.6710000038146973, -290.47880257241195, 330.6340660560236, 1.6710000038146973, -292.31864632241195, 335.1028160560236, 1.6710000038146973, -283.77958382241195, 334.2434410560236, 1.6710000038146973, -286.70927132241195, 328.6653160560236, 1.6710000038146973, -290.81864632241195, 337.9465660560236, 1.6710000038146973, -298.93192757241195, 338.5871910560236, 1.6710000038146973, -304.65067757241195, 327.7278160560236, 1.6710000038146973, -293.99833382241195, 323.9309410560236, 8.010499954223633, -293.26786507241195, 323.5559410560236, 8.010499954223633, -290.47880257241195, 330.6340660560236, 8.010499954223633, -286.70927132241195, 328.6653160560236, 8.010499954223633, -283.77958382241195, 334.2434410560236, 8.010499954223633, -290.81864632241195, 337.9465660560236, 8.010499954223633, -292.31864632241195, 335.1028160560236, 8.010499954223633, -298.93192757241195, 338.5871910560236, 8.010499954223633, -304.65067757241195, 327.7278160560236, 8.010499954223633, -303.27958382241195, 326.9934410560236, 8.010499954223633, -307.17802132241195, 319.5871910560236, 8.010499954223633, -297.90849007241195, 314.7121910560236, 8.010499954223633], "f": [0, 1, 2, 2, 1, 3, 2, 3, 4, 3, 1, 5, 5, 1, 6, 5, 6, 7, 8, 5, 7, 7, 6, 9, 6, 1, 10, 1, 11, 10, 4, 3, 12, 4, 12, 13, 12, 5, 14, 12, 3, 5, 14, 8, 15, 14, 5, 8, 15, 7, 16, 15, 8, 7, 9, 16, 7, 9, 17, 16, 6, 17, 9, 6, 18, 17, 6, 10, 19, 6, 19, 18, 11, 19, 10, 11, 20, 19, 20, 1, 21, 20, 11, 1, 1, 0, 22, 1, 22, 21, 22, 2, 23, 22, 0, 2, 23, 4, 13, 23, 2, 4, 23, 21, 22, 12, 21, 23, 14, 21, 12, 18, 21, 14, 19, 21, 18, 20, 21, 19, 16, 18, 14, 17, 18, 16, 16, 14, 15, 13, 12, 23]}, "centroids": [[-296.7751472305681, 327.72999947873177, 1.6710000038146973]]}, "mtl": {"idx": 0}}, {"geom": {"triangles": {"v": [-327.31083382241195, 330.6028160560236, 1.6759999990463257, -320.95927132241195, 341.6496910560236, 1.6759999990463257, -318.09989632241195, 325.3059410560236, 1.6759999990463257, -312.27958382241195, 339.1653160560236, 1.6759999990463257, -310.65849007241195, 338.2434410560236, 1.6759999990463257, -309.87724007241195, 343.3528160560236, 1.6759999990463257, -319.81864632241195, 349.0559410560236, 1.6759999990463257, -323.29911507241195, 342.9934410560236, 1.6759999990463257, -327.31083382241195, 330.6028160560236, 9.87649917602539, -318.09989632241195, 325.3059410560236, 9.87649917602539, -310.65849007241195, 338.2434410560236, 9.87649917602539, -312.27958382241195, 339.1653160560236, 9.87649917602539, -309.87724007241195, 343.3528160560236, 9.87649917602539, -319.81864632241195, 349.0559410560236, 9.87649917602539, -323.29911507241195, 342.9934410560236, 9.87649917602539, -320.95927132241195, 341.6496910560236, 9.87649917602539], "f": [0, 1, 2, 2, 1, 3, 2, 3, 4, 3, 1, 5, 5, 1, 6, 1, 7, 6, 8, 2, 9, 8, 0, 2, 10, 9, 2, 10, 2, 4, 3, 10, 4, 3, 11, 10, 12, 11, 3, 12, 3, 5, 6, 12, 5, 6, 13, 12, 7, 13, 6, 7, 14, 13, 14, 1, 15, 14, 7, 1, 1, 0, 8, 1, 8, 15, 9, 15, 8, 11, 15, 9, 12, 15, 11, 12, 13, 15, 14, 15, 13, 10, 11, 9]}, "centroids": [[-318.31665121660626, 337.09279602213064, 1.6759999990463257]]}, "mtl": {"idx": 0}}, {"geom": {"triangles": {"v": [-352.34989632241195, 329.2746910560236, 1.496999979019165, -361.96708382241195, 334.7746910560236, 1.496999979019165, -357.67020882241195, 340.2121910560236, 1.496999979019165, -354.31864632241195, 344.2903160560236, 1.496999979019165, -355.08817757241195, 344.7278160560236, 1.496999979019165, -345.28739632241195, 345.1653160560236, 1.496999979019165, -343.76005257241195, 344.2903160560236, 1.496999979019165, -352.27958382241195, 347.8528160560236, 1.496999979019165, -341.01786507241195, 352.6340660560236, 1.496999979019165, -349.24052132241195, 357.3371910560236, 1.496999979019165, -354.08036507241195, 348.8840660560236, 1.496999979019165, -358.56864632241195, 340.7121910560236, 1.496999979019165, -343.76005257241195, 344.2903160560236, 6.78849983215332, -345.28739632241195, 345.1653160560236, 6.78849983215332, -341.01786507241195, 352.6340660560236, 6.78849983215332, -349.24052132241195, 357.3371910560236, 6.78849983215332, -354.08036507241195, 348.8840660560236, 6.78849983215332, -352.27958382241195, 347.8528160560236, 6.78849983215332, -354.31864632241195, 344.2903160560236, 6.78849983215332, -355.08817757241195, 344.7278160560236, 6.78849983215332, -357.67020882241195, 340.2121910560236, 6.78849983215332, -358.56864632241195, 340.7121910560236, 6.78849983215332, -361.96708382241195, 334.7746910560236, 6.78849983215332, -352.34989632241195, 329.2746910560236, 6.78849983215332], "f": [0, 1, 2, 2, 3, 0, 2, 4, 3, 5, 0, 3, 0, 5, 6, 5, 3, 7, 5, 7, 8, 7, 9, 8, 7, 10, 9, 1, 11, 2, 5, 12, 6, 5, 13, 12, 13, 8, 14, 13, 5, 8, 8, 9, 15, 8, 15, 14, 10, 15, 9, 10, 16, 15, 16, 7, 17, 16, 10, 7, 3, 17, 7, 3, 18, 17, 3, 4, 19, 3, 19, 18, 2, 19, 4, 2, 20, 19, 11, 20, 2, 11, 21, 20, 1, 21, 11, 1, 22, 21, 22, 0, 23, 22, 1, 0, 23, 6, 12, 23, 0, 6, 21, 22, 20, 20, 22, 23, 18, 20, 23, 19, 20, 18, 23, 13, 18, 12, 13, 23, 17, 18, 13, 14, 17, 13, 14, 15, 17, 16, 17, 15]}, "centroids": [[-350.9902960689433, 342.93316908567795, 1.496999979019165]]}, "mtl": {"idx": 0}}, {"geom": {"triangles": {"v": [-351.56083382241195, 329.2278160560236, 1.5099999904632568, -347.58817757241195, 336.6653160560236, 1.5099999904632568, -340.54911507241195, 323.3528160560236, 1.5099999904632568, -336.58817757241195, 330.8059410560236, 1.5099999904632568, -336.58817757241195, 330.8059410560236, 5.946499824523926, -347.58817757241195, 336.6653160560236, 5.946499824523926, -351.56083382241195, 329.2278160560236, 5.946499824523926, -340.54911507241195, 323.3528160560236, 5.946499824523926], "f": [0, 1, 2, 2, 1, 3, 1, 4, 3, 1, 5, 4, 0, 5, 1, 0, 6, 5, 6, 2, 7, 6, 0, 2, 7, 3, 4, 7, 2, 3, 5, 6, 7, 4, 5, 7]}, "centroids": [[-344.07180046387657, 330.01113494086894, 1.5099999904632568]]},