{"type": "block", "layer": 0, "block": 168, "features": [{"geom": {"triangles": {"v": [510.6294242041404, 150.29243233718444, 0.0, 510.5044242041404, 149.19868233718444, 0.0, 514.9184867041404, 149.49555733718444, 0.0, 515.0825492041404, 150.94868233718444, 0.0, 510.5981742041404, 151.46430733718444, 0.0, 514.8677054541404, 148.69868233718444, 0.0], "f": [0, 1, 2, 0, 2, 3, 4, 0, 3, 1, 5, 2]}, "centroids": [[512.7762618698325, 150.07854354465962, 0.0]]}, "mtl": {"idx": 0}}, {"geom": {"triangles": {"v": [493.7348929541404, -55.45756766281556, 0.0, 488.7270804541404, -58.34819266281556, 0.0, 494.1567679541404, -56.19194266281556, 0.0, 489.2973929541404, -59.30131766281556, 0.0, 494.3052054541404, -56.45756766281556, 0.0], "f": [0, 1, 2, 1, 3, 2, 2, 3, 4]}, "centroids": [[491.5289774177145, -57.383612768142484, 0.0]]}, "mtl": {"idx": 0}}], "featureCount": 2, "startIndex": 8400}