{"type": "block", "layer": 0, "block": 86, "features": [{"geom": {"triangles": {"v": [-1019.729020532126, -496.42220407901914, 1.996000051498413, -1028.248551782126, -490.45345407901914, 1.996000051498413, -1016.830583032126, -486.81282907901914, 1.996000051498413, -1014.248551782126, -488.60970407901914, 1.996000051498413, -1017.510270532126, -475.14095407901914, 1.996000051498413, -1011.568864282126, -479.31282907901914, 1.996000051498413, -1016.830583032126, -486.81282907901914, 6.956999778747559, -1014.248551782126, -488.60970407901914, 6.956999778747559, -1011.568864282126, -479.31282907901914, 6.956999778747559, -1017.510270532126, -475.14095407901914, 6.956999778747559, -1028.248551782126, -490.45345407901914, 6.956999778747559, -1019.729020532126, -496.42220407901914, 6.956999778747559, -1028.248551782126, -490.45345407901914, 6.957000255584717, -1019.729020532126, -496.42220407901914, 6.957000255584717], "f": [0, 1, 2, 0, 2, 3, 1, 4, 2, 2, 4, 5, 3, 2, 6, 3, 6, 7, 6, 5, 8, 6, 2, 5, 5, 4, 9, 5, 9, 8, 4, 1, 10, 4, 10, 9, 10, 0, 11, 10, 1, 0, 11, 3, 7, 11, 0, 3, 9, 12, 6, 9, 6, 8, 6, 12, 13, 7, 6, 13]}, "centroids": [[-1019.6145354576292, -486.0987724433944, 1.996000051498413]]}, "mtl": {"idx": 0}}], "featureCount": 1, "startIndex": 4300}